Rótulo (digite exatamente assim),Nome interno esperado,Tipo de campo,Descrição
SGRS Porte,sgrs_porte,Texto de uma linha,Porte informado no formulário
SGRS Nota,sgrs_nota,Número,Nota geral de 1 a 10
SGRS Nivel,sgrs_nivel,Texto de uma linha,Vulnerável / Em desenvolvimento / Controlada / Blindada
SGRS Faixa,sgrs_faixa,Texto de uma linha,Alerta (nota abaixo de 8) ou Madura (8 ou mais)
SGRS Exposicao Min,sgrs_exposicao_min,Número,Proxy estatístico
SGRS Exposicao Max,sgrs_exposicao_max,Número,Proxy estatístico
SGRS Areas Prioridade,sgrs_areas_prioridade,Texto de várias linhas,Áreas com nota abaixo de 6.5
SGRS Solucoes Indicadas,sgrs_solucoes_indicadas,Texto de várias linhas,Soluções GRS recomendadas pelo diagnóstico
SGRS Respostas,sgrs_respostas,Texto de várias linhas,"Uma linha por pergunta: área, pergunta, resposta e pontos"
SGRS Observacoes,sgrs_observacoes,Texto de várias linhas,Comentários livres opcionais (não pontuam)
SGRS Nota Acesso,sgrs_nota_acesso,Número,Nota da área Controle de Acesso
SGRS Nota Portarias,sgrs_nota_portarias,Número,Nota da área Portarias
SGRS Nota Veiculos,sgrs_nota_veiculos,Número,Nota da área Veículos
SGRS Nota Remota,sgrs_nota_remota,Número,Nota da área Gestão Remota
SGRS Nota Pessoas,sgrs_nota_pessoas,Número,Nota da área Pessoas
SGRS Nota Internas,sgrs_nota_internas,Número,Nota da área Áreas Internas
SGRS Nota Restritas,sgrs_nota_restritas,Número,Nota da área Áreas Restritas
SGRS Nota Refeitorio,sgrs_nota_refeitorio,Número,Nota da área Refeitório
